visit_id,patient_id,start_at,end_at,visit_type
101,1,2024-01-01 09:10:00,2024-01-01 10:00:00,OUTPATIENT
102,2,2024-01-01 10:05:00,2024-01-01 10:35:00,OUTPATIENT
103,3,2024-01-01 14:20:00,2024-01-01 15:00:00,OUTPATIENT
104,1,2024-01-02 16:45:00,2024-01-02 21:30:00,EMERGENCY
105,1,2024-01-03 08:50:00,2024-01-04 12:00:00,INPATIENT
106,2,2024-01-03 11:15:00,2024-01-03 11:45:00,OUTPATIENT
107,5,2024-01-03 09:30:00,2024-01-03 10:00:00,OUTPATIENT
108,3,2024-01-04 13:00:00,2024-01-04 18:10:00,EMERGENCY
109,5,2024-01-04 15:20:00,2024-01-04 16:00:00,OUTPATIENT
